token,count
邪斜邪褌,1
邪斜邪褌芯屑,1
邪谢褟锌芯胁邪褌褘械,1
邪屑胁褉芯褋懈泄,1
邪薪邪褎械屑邪,1
邪褋褌褉芯薪芯屑芯胁,1
邪褌褌械褋褌邪褌邪屑懈,1
邪褌褌械褋褌邪褌芯胁,1
邪褝褉芯谐谢懈褌邪屑懈,1
斜邪褌褞褕泻邪,1
斜邪褌褞褕泻械,1
斜械褋锌芯泻芯懈褌褜,1
斜械褋锌芯泻芯泄褋褌胁芯,1
斜谢懈薪褘,1
斜芯谐,1
斜芯谐邪褌褋褌胁邪,1
斜芯谐邪褌褋褌胁芯屑,1
斜芯谐褍,1
斜褉邪薪懈谢,1
斜褉邪褌,1
斜褉邪褌邪,1
斜褉懈谢谢懈邪薪褌芯胁,1
斜褍写懈屑,1
斜褍谢邪褌芯胁,1
斜褍褉斜芯薪,1
斜褘胁邪械褌,1
斜褘褌懈褟,1
胁邪卸薪芯谐芯,1
胁邪褋懈谢懈泄,1
胁邪褕,1
胁邪褕械泄,1
胁邪褕械屑褍,1
胁邪褕懈褏,1
胁邪褕褍,1
胁胁械褉褏,1
胁械谢懈泻邪褟,1
胁械谢懈泻芯写褍褕薪芯,1
胁械谢懈褔邪泄褕械屑,1
胁械谢懈褔邪泄褕懈褏,1
胁械褋薪芯泄,1
胁械褋褜屑邪,1
胁械褔械褉邪,1
胁懈写,1
胁懈写懈屑,1
胁懈写懈屑褘屑,1
胁谢邪写械薪懈褟,1
胁谢邪褋褌懈褌械谢褜,1
胁屑械褋褌械,1
胁芯写懈谢懈,1
胁芯蟹卸械薪懈褟,1
胁芯蟹褉邪蟹懈褌褜,1
胁芯泄褋泻邪,1
胁芯谢褕械斜薪褘泄,1
胁芯褋褋褌邪胁邪谢,1
胁锌械褔邪褌谢械薪懈械,1
胁褉械写械薪,1
胁褋械谢械薪薪芯谐芯,1
胁褋褟泻芯械,1
胁褌芯褉薪懈泻,1
胁褘写褍屑邪薪,1
胁褘褉褘褌懈褟,1
胁褘褔懈褋谢械薪懈褟屑,1
谐胁芯蟹写懈泻,1
谐械褉邪褋懈屑芯胁褘屑,1
谐懈械褉芯谐谢懈褎芯褎,1
谐谢邪蟹,1
谐谢邪蟹邪屑懈,1
谐谢邪蟹邪褏,1
谐谢褍锌芯泄,1
谐谢褟写械褌褜,1
谐芯胁芯褉褟褌,1
谐芯谢芯胁械褕泻褍,1
谐芯谢芯胁芯泻褉褍卸械薪懈械,1
谐芯谢芯褋,1
谐芯褉懈蟹芯薪褌邪,1
谐芯褉芯写邪屑,1
谐芯褉褟褔懈谢褋褟,1
谐芯褉褟褔懈褏,1
谐芯褌芯胁懈褌褜,1
谐褉邪写褍褋薪懈泻邪屑懈,1
谐褉械屑懈褌,1
谐褉芯屑,1
谐褉芯褕芯胁褘泄,1
谐褍斜褟褌,1
写邪,1
写邪胁薪芯,1
写邪械褌,1
写邪泄,1
写邪谢械泻芯谐芯,1
写邪谢芯,1
写邪谢褜薪械泄褕懈屑懈,1
写胁芯褉褟薪,1
写胁芯褉褟薪褋褌胁邪,1
写械胁褟褌薪邪写褑邪褌芯谐芯,1
写械谢邪,1
写械薪褜谐懈,1
写械褌械泄,1
写懈泻芯芯斜褉邪蟹薪褘械,1
写谢懈薪薪邪褟,1
写薪械屑,1
写芯斜褘褌芯泄,1
写芯卸写懈泻邪,1
写芯卸写褜,1
写芯蟹胁芯谢懈褌褜,1
写芯谢卸械薪,1
写芯屑邪屑懈,1
写芯薪褋泻芯谐芯,1
写芯锌芯褌芯锌薪芯谐芯,1
写芯褋械谢械,1
写芯褋褌邪胁懈褌,1
写芯褋褌邪胁懈褌褜,1
写芯褑械薪褌芯胁,1
写芯褔褜,1
写褉邪谐芯褑械薪薪褘泄,1
写褉邪谐芯褑械薪薪褘褏,1
写褉褍谐,1
写褉褍谐邪,1
写褉褍谐芯械,1
写褍屑邪褞褌,1
写褍褉邪泻懈,1
写褍褉屑邪薪邪,1
写褍褕褍,1
写褘褏邪褌械谢褜薪褘褏,1
械写懈屑,1
械蟹写懈褌褜,1
械泄,1
械谢械,1
械屑褍,1
械褋褌械褋褌胁邪,1
卸,1
卸邪卸写邪谢,1
卸邪谢泻懈械,1
卸邪谢泻懈屑,1
卸邪谢泻褍褞,1
卸械薪褖懈薪褍,1
卸懈胁芯锌懈褋薪芯,1
卸懈胁芯褌械,1
卸懈胁褍,1
卸懈胁褕懈泄,1
卸懈胁褟,1
卸懈谢懈,1
卸懈谢懈褖,1
卸褉械褑芯胁,1
蟹邪斜褘谢,1
蟹邪胁褌褉邪,1
蟹邪谐褉邪薪懈褔薪褘褏,1
蟹邪械蟹卸邪谢,1
蟹邪泄屑械屑褋褟,1
蟹邪屑邪薪褔懈胁褘屑懈,1
蟹邪屑械薪褟械褌,1
蟹邪薪懈屑邪褌械谢褜薪芯,1
蟹邪薪懈屑邪褞褋褜,1
蟹邪锌懈褋泻懈,1
蟹邪锌褟褌褍褞,1
蟹邪褋谢芯薪褟谢懈,1
蟹邪褌械屑薪懈谢邪,1
蟹邪褏芯写懈谢,1
蟹邪褏芯写懈褌,1
蟹胁邪薪懈械,1
蟹胁械褉懈薪褑械,1
蟹薪邪械褌械,1
蟹薪邪屑械薪懈褌芯械,1
蟹薪邪薪懈泄,1
蟹薪邪褌褜,1
蟹薪邪褞,1
懈胁邪薪,1
懈胁邪薪邪,1
懈谐褉邪械褌,1
懈谐褉懈胁芯械,1
懈写械泄,1
懈写械褌,1
懈蟹谢芯卸懈褌褜,1
懈蟹芯斜褉械褌邪谢,1
懈屑,1
懈屑械械褌,1
懈屑械褞,1
懈屑褟,1
懈芯邪泻懈屑芯屑,1
懈褋泻邪谢,1
懈褋褔械蟹邪械褌,1
泻邪斜邪泻,1
泻邪卸写褘泄,1
泻邪泻懈褏,1
泻邪泻芯谐芯,1
泻邪褌芯谢懈褔械褋泻懈泄,1
泻邪褌芯谢懈褔械褋泻懈屑,1
泻懈屑胁邪谢邪屑懈,1
泻谢邪写斜懈褖械,1
泻谢懈屑邪褌械,1
泻谢褞褔薪懈泻,1
泻薪懈谐邪,1
泻薪懈谐邪屑懈,1
泻薪懈谐懈,1
泻芯械谐芯,1
泻芯懈褏,1
泻芯屑锌谢械泻褌芯屑,1
泻芯薪褎褍蟹谢懈胁,1
泻芯褌芯褉芯屑,1
泻芯褌芯褉褘泄,1
泻芯褌芯褉褘屑,1
泻芯褌芯褉褘褏,1
泻芯褎械泄,1
泻褉械褋褌褜褟薪褋泻懈屑,1
泻褉芯屑械,1
泻褉褍谐芯屑,1
泻褉褘谢邪屑懈,1
泻褍褔械泄,1
泻褍褕邪褞褌,1
谢邪胁褉邪屑懈,1
谢械谐泻芯,1
谢械薪褌邪屑懈,1
谢械锌械褌芯屑,1
谢械褌芯屑,1
谢懈,1
谢懈泻,1
谢懈褌械褉邪褌褍褉芯泄,1
谢懈褕械薪褘,1
谢褍薪褍,1
谢褍薪褘,1
谢褍褔懈褋褌邪褟,1
谢褜胁懈薪邪褟,1
谢褞斜懈谢懈,1
谢褞斜懈褌,1
谢褞斜谢褞,1
屑邪谐懈褔械褋泻懈泄,1
屑邪懈芯褉,1
屑邪懈芯褉邪,1
屑邪泻褋懈屑,1
屑邪褉褌褘褕械泻,1
屑邪褌械褉懈,1
屑邪褌褍褕泻邪,1
屑邪褌褜,1
屑邪褕懈薪泻邪屑懈,1
屑械卸写褍,1
屑械谢泻懈屑,1
屑械褉褑邪薪懈械屑,1
屑械褋褌邪,1
屑械褋褌芯,1
屑械褌邪谢芯胁,1
屑械褌邪谢芯懈写芯胁,1
屑械褌邪褎懈蟹懈泻芯胁,1
屑械褕邪褞褋褜,1
屑懈谢芯褋褌褜,1
屑薪芯泄,1
屑芯谐谢懈,1
屑芯械谐芯,1
屑芯蟹芯谢褟屑懈,1
屑芯懈褏,1
屑芯泻褉芯谐芯,1
屑芯谢薪懈褟,1
屑芯谢芯写械卸,1
屑芯褉写邪,1
屑芯褟,1
屑褉邪泻邪,1
屑褍卸懈泻邪屑懈,1
屑褍褌薪褘泄,1
屑褘褋谢械薪薪芯,1
屑褘褋谢懈,1
屑褘褋谢懈褌械,1
屑褘褋谢懈褌械谢褜薪芯谐芯,1
屑褘褋谢褟屑懈,1
屑褘褋谢褟褌,1
薪邪胁褟蟹褘胁邪褞,1
薪邪写,1
薪邪写芯,1
薪邪屑,1
薪邪芯斜芯褉芯褌,1
薪邪锌懈褌泻芯胁,1
薪邪锌芯谢薪褟褞,1
薪邪褉芯写芯屑,1
薪邪褋械泻芯屑芯谐芯,1
薪邪褋械谢械薪薪芯泄,1
薪邪褋械谢械薪薪褘泄,1
薪邪褋褖芯褌,1
薪邪褌邪褕械薪褜泻邪,1
薪邪褍泻械,1
薪邪褍泻懈,1
薪邪褕械泄,1
薪邪褕懈,1
薪械胁械卸写邪,1
薪械胁械卸械褋褌胁械薪薪芯泄,1
薪械胁懈写懈屑褘屑,1
薪械胁芯谢褜薪懈泻邪屑懈,1
薪械谐芯,1
薪械谐芯写薪懈泻,1
薪械谐芯写薪懈泻邪,1
薪械写械谢褞,1
薪械写芯褋褌芯泄薪褘泄,1
薪械写芯褋褟谐邪械屑芯褋褌懈,1
薪械写褉,1
薪械械,1
薪械泻芯褌芯褉芯屑,1
薪械泻芯褌芯褉褘械,1
薪械谢褜蟹褟,1
薪械屑,1
薪械锌褉械屑械薪薪芯,1
薪械褍泻邪,1
薪械褍屑械褉械薪薪芯屑,1
薪械褔械谐芯,1
薪械褔懈褋褌芯褌褘,1
薪懈,1
薪懈泻邪泻芯泄,1
薪懈褏,1
薪芯褋懈屑,1
薪芯褔褜褞,1
芯斜械蟹褜褟薪邪,1
芯斜械蟹褜褟薪芯泄,1
芯斜械蟹褜褟薪褋泻懈褏,1
芯斜懈褌邪褞褌,1
芯斜芯泄褌懈褌褜褋褟,1
芯斜褉邪蟹芯胁邪薪薪芯褋褌懈,1
芯斜褘褔邪泄,1
芯胁褑邪屑,1
芯谐薪械薪薪邪褟,1
芯写械褟薪懈泄,1
芯写懈薪,1
芯写薪邪,1
芯写薪芯,1
芯写薪芯谐芯,1
芯写薪芯泄,1
芯泻芯薪褔懈褌褋褟,1
芯薪懈,1
芯薪芯,1
芯锌械泻褍薪芯胁,1
芯锌褉芯胁械褉谐薪褍褌褜,1
芯褉邪薪谐褍褌邪褕械泻,1
芯褉写械薪邪屑懈,1
芯褉械芯谢芯屑,1
芯褋屑械谢懈胁邪褞褋褜,1
芯褋屑械谢褞褋褜,1
芯褋褌邪褞褋褜,1
芯褌泻褉芯械屑,1
芯褌泻褉褘褌懈褟屑懈,1
芯褌褉邪褋谢懈,1
芯褌褋褌邪胁薪芯泄,1
芯褌褑邪,1
芯褌褔械谐芯,1
芯褕懈斜谢懈褋褜,1
锌,1
锌邪写邪谢懈,1
锌邪褉褍褋,1
锌邪褋褌斜懈褖邪屑懈,1
锌邪褏谢芯,1
锌械褉胁芯褉芯写薪芯谐芯,1
锌械褌械褉斜褍褉谐邪,1
锌懈褋褜屑械薪薪褘屑,1
锌懈褋褜屑芯,1
锌懈褌邪褞褋褜,1
锌懈褕懈褌械,1
锌懈褕褍,1
锌谢邪屑械薪薪芯,1
锌谢邪褌懈谢懈,1
锌谢械斜械泄褋泻懈屑,1
锌谢械屑械薪,1
锌谢械屑械薪邪,1
锌谢械屑械薪械屑,1
锌谢芯写褘,1
锌芯斜械泄褌械,1
锌芯胁懈薪薪芯褋褌械泄,1
锌芯谐邪薪械薪褜泻芯谐芯,1
锌芯谐芯胁芯褉懈屑,1
锌芯谐褉械斜械薪,1
锌芯写谢褍薪薪芯谐芯,1
锌芯写芯斜薪芯械,1
锌芯械褏邪谢,1
锌芯卸邪褌褜,1
锌芯蟹胁芯谢褜褌械,1
锌芯蟹胁芯薪泻邪屑懈,1
锌芯蟹写褉邪胁懈褌褜,1
锌芯泻褉褘褌芯谐芯,1
锌芯泻褉褘褌褘,1
锌芯谢薪芯泻褉芯胁薪褘褏,1
锌芯谢褜褋泻芯屑,1
锌芯屑械褖邪褞褌褋褟,1
锌芯屑械褖懈泻,1
锌芯屑芯懈,1
锌芯锌,1
锌芯锌褍谢褟褉薪芯泄,1
锌芯褉懈褑邪谢,1
锌芯褋械谢懈褌褜褋褟,1
锌芯褋谢械写薪懈褏,1
锌芯褋褌邪胁懈褌褜,1
锌芯褋褌薪芯械,1
锌芯褌芯屑,1
锌芯褍褔懈褌械,1
锌芯褏芯卸邪,1
锌芯褏芯褉芯薪懈谢懈,1
锌芯褝褌芯胁,1
锌褉邪胁懈褌械谢褜褋褌胁邪,1
锌褉邪锌褉邪写械写,1
锌褉邪褉芯写懈褌械谢懈,1
锌褉械写邪薪,1
锌褉械写胁芯写懈褌械谢褟,1
锌褉械写屑械褌邪屑,1
锌褉械蟹懈褉邪谢懈,1
锌褉懈斜褍写械褌,1
锌褉懈胁邪褌,1
锌褉懈胁械蟹械褌,1
锌褉懈胁械蟹谢懈,1
锌褉懈械蟹写芯屑,1
锌褉懈泻邪蟹褍,1
锌褉懈褉芯写邪,1
锌褉懈褉芯写褘,1
锌褉懈褔懈薪械,1
锌褉懈褔懈褋谢褟械褌械,1
锌褉芯胁懈写械薪懈械,1
锌褉芯胁芯写懈褌械,1
锌褉芯写褍泻褌褘,1
锌褉芯懈蟹胁械谢,1
锌褉芯懈蟹胁芯卸褍,1
锌褉芯懈蟹芯褕械谢,1
锌褉芯懈褋褏芯写懈谢,1
锌褉芯懈褋褏芯卸写械薪懈褟,1
锌褉芯褋懈谢邪,1
锌褉芯褋褌褘屑懈,1
锌褉芯褌懈胁,1
锌褉芯褎械褋褋芯褉褋泻懈,1
锌褉芯褔械械,1
锌褉芯褔懈屑,1
锌褉芯褕械谢,1
锌褍薪泻褌邪,1
锌褟褌薪褍褕泻懈,1
褉邪蟹,1
褉邪蟹胁邪谢懈薪褘,1
褉邪蟹谢懈褔薪褘屑,1
褉邪蟹薪芯褑胁械褌薪褘屑懈,1
褉邪褋褋褌芯褟薪懈褟,1
褉邪褋褕懈褉褟械褌褋褟,1
褉械褎芯褉屑邪褌芯褉,1
褉械褕械褌泻芯泄,1
褉懈褋褍薪泻邪屑懈,1
褉芯胁薪芯,1
褉芯写械,1
褉芯写懈褌械谢械泄,1
褉芯写薪邪褟,1
褉芯写褍,1
褉芯褋泻芯褕懈,1
褉褍斜谢褜,1
褉褍懈薪褘,1
褉褍泻邪屑懈,1
褉褍泻褍,1
褉褘斜褘,1
褉褟写芯屑,1
褋邪屑,1
褋邪屑芯屑,1
褋邪屑褘械,1
褋邪薪泻褌,1
褋胁械褌,1
褋胁械褌邪,1
褋胁械褌懈谢邪屑懈,1
褋胁械褌懈谢械,1
褋胁械褌懈谢褜薪懈泻芯胁,1
褋胁懈写械褌械谢褜褋褌胁,1
褋胁芯械屑褍,1
褋胁芯懈褏,1
褋胁芯泄,1
褋胁芯泄褋褌胁械薪薪褘屑,1
褋胁芯褞,1
褋谐芯褉邪褞褌,1
褋写械谢邪泄褌械,1
褋写械谢邪谢,1
褋写械谢邪薪褘,1
褋械谐芯,1
褋械泄,1
褋械谢芯,1
褋械屑懈,1
褋械褉写械褔薪芯,1
褋卸懈屑邪械褌褋褟,1
褋懈写械薪懈褟,1
褋懈写褟,1
褋懈褏,1
褋泻邪蟹邪谢,1
褋泻邪蟹邪褌褜,1
褋泻芯褉械泄,1
褋泻芯褉芯屑薪芯械,1
褋谢邪胁褘,1
褋谢褍褔邪褟,1
褋屑械泄褌械褋褜,1
褋屑械谢芯褋褌懈,1
褋芯斜邪泻懈,1
褋芯斜芯泄,1
褋芯斜褋褌胁械薪薪褘屑,1
褋芯斜褋褌胁械薪薪褘屑懈,1
褋芯胁褋械屑,1
褋芯谐褉械胁邪械褌褋褟,1
褋芯褋械写褋褌胁褍,1
褋芯褋械写褍褕泻芯,1
褋芯褋械写褟屑,1
褋芯褋褌芯褟薪懈褟,1
褋芯褔械薪械薪懈懈,1
褋芯褔懈薪械薪懈械,1
褋芯褔懈薪懈褌褜,1
褋锌懈薪械,1
褋锌褟褌,1
褋褌邪褉懈泻邪褕泻褍,1
褋褌邪褉懈泻芯胁褋泻懈,1
褋褌邪褉懈泻芯屑,1
褋褌邪褉懈褔泻邪,1
褋褌邪褉芯谐芯,1
褋褌邪褉芯褋胁械褌褋泻懈泄,1
褋褌邪褉褔械褋泻懈,1
褋褌邪褉褔械褋泻懈褏,1
褋褌邪褉褘泄,1
褋褌芯谢械褌懈褟,1
褋褌褉械泻芯蟹褍,1
褋褍褖械褋褌胁,1
褋褍褖械褋褌胁械薪薪褘械,1
褋褍褖械褋褌胁褍械褌,1
褋褎械褉褘,1
褋褗械写械薪褘,1
褋褗芯褋褌褉懈谢,1
褋褘锌邪谢懈褋褜,1
褌邪泻懈褏,1
褌邪薪褑褍褟,1
褌械谢邪,1
褌械屑薪芯褌褘,1
褌械褉蟹邪械褌,1
褌械褉锌谢褞,1
褌械褏,1
褌芯谢泻褍褞,1
褌芯屑褍,1
褌褉邪胁褍,1
褌褉芯褎懈屑,1
褌褉褍斜邪屑懈,1
褌褍褔薪褘屑懈,1
褍胁邪卸邪褞,1
褍胁邪卸邪褞褖懈泄,1
褍胁械薪褔邪薪薪芯械,1
褍卸,1
褍卸邪褋薪芯,1
褍泻褉褘胁邪褌褜褋褟,1
褍屑,1
褍屑械,1
褍屑械褉械薪薪芯屑,1
褍屑薪邪褟,1
褍屑薪械泄褕械械,1
褍屑薪芯屑,1
褍屑芯谢褔邪褌褜,1
褍屑芯屑,1
褍屑褋褌胁械薪薪芯谐芯,1
褍屑褋褌胁械薪薪芯泄,1
褍屑褋褌胁械薪薪褘褏,1
褍锌芯褌褉械斜谢械薪懈懈,1
褍褉褟写薪懈泻,1
褍褌褉芯屑,1
褍褔械薪芯谐芯,1
褍褔械薪褍褞,1
褍褔械薪褘懈,1
褍褔械薪褘褏,1
褎邪泻褌褘,1
褎邪薪邪褌懈蟹屑芯屑,1
褎邪薪褌邪蟹懈褉褍械褌械,1
褎芯薪邪褉械泄,1
褎褉邪薪褑褍蟹褋泻芯谐芯,1
褏胁邪褋褌芯胁褋褌胁邪,1
褏胁邪褌邪械褌,1
褏胁芯褋褌,1
褏懈屑懈泻芯胁,1
褏谢邪屑懈写邪,1
褏芯谢芯写邪,1
褏芯褉芯褕懈泄,1
褏褉邪薪褟褌褋褟,1
褏褉懈褋褌懈邪薪褋泻芯屑,1
褑邪褉褋褌胁械,1
褑胁械褌邪屑懈,1
褑械谢褘泄,1
褑械薪褘,1
褑械褉械屑芯薪懈褌褋褟,1
褑懈胁懈谢懈蟹邪褑褘褟,1
褑懈胁懈谢懈蟹芯胁邪薪薪褘褏,1
褑褘谐邪薪邪,1
褑褘谐邪薪褘,1
褔邪褋芯胁,1
褔邪褋褌懈,1
褔邪褋褌芯,1
褔邪褋褌褟屑,1
褔邪褋褘,1
褔械谐芯,1
褔械谢芯胁械褔械褋泻懈泄,1
褔械谢芯胁械褔械褋泻懈屑懈,1
褔械谢芯胁械褔械褋泻芯谐芯,1
褔械谢芯胁械褔械褋泻芯屑褍,1
褔械谢芯胁械褔械褋泻褍褞,1
褔械谢芯胁械褔懈泻芯屑,1
褔械屑,1
褔械褉械蟹,1
褔械褉械锌,1
褔械褉薪褘械,1
褔懈褌邪谢,1
褔懈褌邪褌褜,1
褔褉械蟹,1
褔褌芯斜,1
褔褍写薪褘屑,1
褕械褉褋褌褜褞,1
褕械褋褌懈褝褌邪卸薪褘褏,1
褕芯褋褌邪泻芯屑,1
褖械泻邪屑,1
褖芯褌,1
褝谢械泻褌褉懈褔械褋泻懈屑懈,1
褝谢械泻褌褉懈褔械褋褌胁芯,1
褝谢械屑械薪褌芯屑,1
褝屑邪薪褑懈锌械,1
褝褌懈,1
褝褌懈屑,1
褝褌芯,1
褟胁谢械薪懈泄,1
褟写芯胁懈褌芯谐芯,1
